<?xml version="1.0" encoding="utf-8"?>
<AxSecurityPolicy xmlns:i="http://www.w3.org/2001/XMLSchema-instance">
	<Name>XSD_SecurityPolicy_MainAccount</Name>
	<ConstrainedTable>Yes</ConstrainedTable>
	<ContextType>RoleName</ContextType>
	<Label>Extensible Data Security MainAccount</Label>
	<PrimaryTable>XSD_SecurityDetails</PrimaryTable>
	<Query>XSD_MainAccountQuery</Query>
	<RoleName>XSD_MainAccountRole</RoleName>
	<UseNotExistJoin>Yes</UseNotExistJoin>
	<ConstrainedTables>
		<AxSecurityPolicyConstrainedEntity xmlns=""
			i:type="AxSecurityPolicyConstrainedExpression">
			<Constrained>Yes</Constrained>
			<Name>MainAccount</Name>
			<ConstrainedTables />
			<Value>(MainAccount.MainAccountId = XSD_SecurityDetails.Name)</Value>
		</AxSecurityPolicyConstrainedEntity>
		<AxSecurityPolicyConstrainedEntity xmlns=""
			i:type="AxSecurityPolicyConstrainedExpression">
			<Constrained>Yes</Constrained>
			<Name>DimAttrTranslMainAccount</Name>
			<ConstrainedTables />
			<Value>(DimAttrTranslMainAccount.Value = XSD_SecurityDetails.Name)</Value>
		</AxSecurityPolicyConstrainedEntity>
	</ConstrainedTables>
</AxSecurityPolicy>