<?xml version="1.0" encoding="utf-8"?>
<AxSecurityPolicy xmlns:i="http://www.w3.org/2001/XMLSchema-instance">
	<Name>XSD_SecurityPolicy_Item</Name>
	<ConstrainedTable>Yes</ConstrainedTable>
	<ContextType>RoleName</ContextType>
	<Label>Extensible Data Security MainAccount</Label>
	<PrimaryTable>XSD_SecurityDetails</PrimaryTable>
	<Query>XDS_ItemQuery</Query>
	<RoleName>XSD_ItemRole</RoleName>
	<UseNotExistJoin>Yes</UseNotExistJoin>
	<ConstrainedTables>
		<AxSecurityPolicyConstrainedEntity xmlns=""
			i:type="AxSecurityPolicyConstrainedExpression">
			<Constrained>Yes</Constrained>
			<Name>InventTable</Name>
			<ConstrainedTables />
			<Value>(InventTable.ItemId = XSD_SecurityDetails.Name)</Value>
		</AxSecurityPolicyConstrainedEntity>
		<AxSecurityPolicyConstrainedEntity xmlns=""
			i:type="AxSecurityPolicyConstrainedExpression">
			<Constrained>Yes</Constrained>
			<Name>SalesLine</Name>
			<ConstrainedTables />
			<Value>(SalesLine.ItemId = XSD_SecurityDetails.Name)</Value>
		</AxSecurityPolicyConstrainedEntity>
		<AxSecurityPolicyConstrainedEntity xmlns=""
			i:type="AxSecurityPolicyConstrainedExpression">
			<Constrained>Yes</Constrained>
			<Name>PurchLine</Name>
			<ConstrainedTables />
			<Value>(PurchLine.ItemId = XSD_SecurityDetails.Name)</Value>
		</AxSecurityPolicyConstrainedEntity>
		<AxSecurityPolicyConstrainedEntity xmlns=""
			i:type="AxSecurityPolicyConstrainedExpression">
			<Constrained>Yes</Constrained>
			<Name>InventTrans</Name>
			<ConstrainedTables />
			<Value>(InventTrans.ItemId = XSD_SecurityDetails.Name)</Value>
		</AxSecurityPolicyConstrainedEntity>
		<AxSecurityPolicyConstrainedEntity xmlns=""
			i:type="AxSecurityPolicyConstrainedExpression">
			<Constrained>Yes</Constrained>
			<Name>CustInvoiceTrans</Name>
			<ConstrainedTables />
			<Value>(CustInvoiceTrans.ItemId = XSD_SecurityDetails.Name)</Value>
		</AxSecurityPolicyConstrainedEntity>
		<AxSecurityPolicyConstrainedEntity xmlns=""
			i:type="AxSecurityPolicyConstrainedExpression">
			<Constrained>Yes</Constrained>
			<Name>VendInvoiceTrans</Name>
			<ConstrainedTables />
			<Value>(VendInvoiceTrans.ItemId = XSD_SecurityDetails.Name)</Value>
		</AxSecurityPolicyConstrainedEntity>
		<AxSecurityPolicyConstrainedEntity xmlns=""
			i:type="AxSecurityPolicyConstrainedExpression">
			<Constrained>Yes</Constrained>
			<Name>InventSum</Name>
			<ConstrainedTables />
			<Value>(InventSum.ItemId = XSD_SecurityDetails.Name)</Value>
		</AxSecurityPolicyConstrainedEntity>
		<AxSecurityPolicyConstrainedEntity xmlns=""
			i:type="AxSecurityPolicyConstrainedExpression">
			<Constrained>Yes</Constrained>
			<Name>PurchRFQLine</Name>
			<ConstrainedTables />
			<Value>(PurchRFQLine.ItemId = XSD_SecurityDetails.Name)</Value>
		</AxSecurityPolicyConstrainedEntity>
		<AxSecurityPolicyConstrainedEntity xmlns=""
			i:type="AxSecurityPolicyConstrainedExpression">
			<Constrained>Yes</Constrained>
			<Name>AgreementLine</Name>
			<ConstrainedTables />
			<Value>(AgreementLine.ItemId = XSD_SecurityDetails.Name)</Value>
		</AxSecurityPolicyConstrainedEntity>
		<AxSecurityPolicyConstrainedEntity xmlns=""
			i:type="AxSecurityPolicyConstrainedExpression">
			<Constrained>Yes</Constrained>
			<Name>InventItemIdLookupSimpleView</Name>
			<ConstrainedTables />
			<Value>(InventItemIdLookupSimpleView.ItemId = XSD_SecurityDetails.Name)</Value>
		</AxSecurityPolicyConstrainedEntity>
		<AxSecurityPolicyConstrainedEntity xmlns=""
			i:type="AxSecurityPolicyConstrainedExpression">
			<Constrained>Yes</Constrained>
			<Name>InventTableExpanded</Name>
			<ConstrainedTables />
			<Value>(InventTableExpanded.ItemId = XSD_SecurityDetails.Name)</Value>
		</AxSecurityPolicyConstrainedEntity>
		<AxSecurityPolicyConstrainedEntity xmlns=""
			i:type="AxSecurityPolicyConstrainedExpression">
			<Constrained>Yes</Constrained>
			<Name>InventDistinctProductExpanded</Name>
			<ConstrainedTables />
			<Value>(InventDistinctProductExpanded.ItemId = XSD_SecurityDetails.Name)</Value>
		</AxSecurityPolicyConstrainedEntity>
		<AxSecurityPolicyConstrainedEntity xmlns=""
			i:type="AxSecurityPolicyConstrainedExpression">
			<Constrained>Yes</Constrained>
			<Name>InventJournalTrans</Name>
			<ConstrainedTables />
			<Value>(InventJournalTrans.ItemId = XSD_SecurityDetails.Name)</Value>
		</AxSecurityPolicyConstrainedEntity>
		<AxSecurityPolicyConstrainedEntity xmlns=""
			i:type="AxSecurityPolicyConstrainedExpression">
			<Constrained>Yes</Constrained>
			<Name>PurchReqLine</Name>
			<ConstrainedTables />
			<Value>(PurchReqLine.ItemId = XSD_SecurityDetails.Name)</Value>
		</AxSecurityPolicyConstrainedEntity>
		<AxSecurityPolicyConstrainedEntity xmlns=""
			i:type="AxSecurityPolicyConstrainedExpression">
			<Constrained>Yes</Constrained>
			<Name>PurchReqLineHistory</Name>
			<ConstrainedTables />
			<Value>(PurchReqLineHistory.ItemId = XSD_SecurityDetails.Name)</Value>
		</AxSecurityPolicyConstrainedEntity>
		<AxSecurityPolicyConstrainedEntity xmlns=""
			i:type="AxSecurityPolicyConstrainedExpression">
			<Constrained>Yes</Constrained>
			<Name>PurchLineAllVersions</Name>
			<ConstrainedTables />
			<Value>(PurchLineAllVersions.ItemId = XSD_SecurityDetails.Name)</Value>
		</AxSecurityPolicyConstrainedEntity>
		<AxSecurityPolicyConstrainedEntity xmlns=""
			i:type="AxSecurityPolicyConstrainedExpression">
			<Constrained>Yes</Constrained>
			<Name>VendPackingSlipTrans</Name>
			<ConstrainedTables />
			<Value>(VendPackingSlipTrans.ItemId = XSD_SecurityDetails.Name)</Value>
		</AxSecurityPolicyConstrainedEntity>
		<AxSecurityPolicyConstrainedEntity xmlns=""
			i:type="AxSecurityPolicyConstrainedExpression">
			<Constrained>Yes</Constrained>
			<Name>CustPackingSlipTrans</Name>
			<ConstrainedTables />
			<Value>(CustPackingSlipTrans.ItemId = XSD_SecurityDetails.Name)</Value>
		</AxSecurityPolicyConstrainedEntity>
		<AxSecurityPolicyConstrainedEntity xmlns=""
			i:type="AxSecurityPolicyConstrainedExpression">
			<Constrained>Yes</Constrained>
			<Name>PurchRFQCaseLine</Name>
			<ConstrainedTables />
			<Value>(PurchRFQCaseLine.ItemId = XSD_SecurityDetails.Name)</Value>
		</AxSecurityPolicyConstrainedEntity>
		<AxSecurityPolicyConstrainedEntity xmlns=""
			i:type="AxSecurityPolicyConstrainedExpression">
			<Constrained>Yes</Constrained>
			<Name>VendRFQTrans</Name>
			<ConstrainedTables />
			<Value>(VendRFQTrans.ItemId = XSD_SecurityDetails.Name)</Value>
		</AxSecurityPolicyConstrainedEntity>
	</ConstrainedTables>
</AxSecurityPolicy>