<?xml version="1.0" encoding="utf-8"?>
<AxSecurityPolicy xmlns:i="http://www.w3.org/2001/XMLSchema-instance">
	<Name>XSD_SecurityPolicy_InventLocation</Name>
	<ConstrainedTable>Yes</ConstrainedTable>
	<ContextType>RoleName</ContextType>
	<Label>Extensible Data Security Location</Label>
	<PrimaryTable>XSD_SecurityDetails</PrimaryTable>
	<Query>XDS_InventLocationQuery</Query>
	<RoleName>XSD_WarehouseRole</RoleName>
	<UseNotExistJoin>Yes</UseNotExistJoin>
	<ConstrainedTables>
		<AxSecurityPolicyConstrainedEntity xmlns=""
			i:type="AxSecurityPolicyConstrainedExpression">
			<Constrained>Yes</Constrained>
			<Name>InventLocation</Name>
			<ConstrainedTables />
			<Value>(InventLocation.InventLocationId = XSD_SecurityDetails.Name)</Value>
		</AxSecurityPolicyConstrainedEntity>
		<AxSecurityPolicyConstrainedEntity xmlns=""
			i:type="AxSecurityPolicyConstrainedExpression">
			<Constrained>Yes</Constrained>
			<Name>InventDim</Name>
			<ConstrainedTables />
			<Value>(InventDim.InventLocationId = XSD_SecurityDetails.Name)</Value>
		</AxSecurityPolicyConstrainedEntity>
		<AxSecurityPolicyConstrainedEntity xmlns=""
			i:type="AxSecurityPolicyConstrainedExpression">
			<Constrained>Yes</Constrained>
			<Name>PurchTable</Name>
			<ConstrainedTables />
			<Value>(PurchTable.InventLocationId = XSD_SecurityDetails.Name)</Value>
		</AxSecurityPolicyConstrainedEntity>
		<AxSecurityPolicyConstrainedEntity xmlns=""
			i:type="AxSecurityPolicyConstrainedExpression">
			<Constrained>Yes</Constrained>
			<Name>SalesTable</Name>
			<ConstrainedTables />
			<Value>(SalesTable.InventLocationId = XSD_SecurityDetails.Name)</Value>
		</AxSecurityPolicyConstrainedEntity>
		<AxSecurityPolicyConstrainedEntity xmlns=""
			i:type="AxSecurityPolicyConstrainedExpression">
			<Constrained>Yes</Constrained>
			<Name>PurchRFQTable</Name>
			<ConstrainedTables />
			<Value>(PurchRFQTable.InventLocationId = XSD_SecurityDetails.Name)</Value>
		</AxSecurityPolicyConstrainedEntity>
		<AxSecurityPolicyConstrainedEntity xmlns=""
			i:type="AxSecurityPolicyConstrainedExpression">
			<Constrained>Yes</Constrained>
			<Name>PurchTableAllVersions</Name>
			<ConstrainedTables />
			<Value>(PurchTableAllVersions.InventLocationId = XSD_SecurityDetails.Name)</Value>
		</AxSecurityPolicyConstrainedEntity>
		<AxSecurityPolicyConstrainedEntity xmlns=""
			i:type="AxSecurityPolicyConstrainedExpression">
			<Constrained>Yes</Constrained>
			<Name>PurchRFQCaseTable</Name>
			<ConstrainedTables />
			<Value>(PurchRFQCaseTable.InventLocationId = XSD_SecurityDetails.Name)</Value>
		</AxSecurityPolicyConstrainedEntity>
		<AxSecurityPolicyConstrainedEntity xmlns=""
			i:type="AxSecurityPolicyConstrainedExpression">
			<Constrained>Yes</Constrained>
			<Name>PurchReqLine</Name>
			<ConstrainedTables />
			<Value>(PurchReqLine.InventLocationId = XSD_SecurityDetails.Name)</Value>
		</AxSecurityPolicyConstrainedEntity>
		<AxSecurityPolicyConstrainedEntity xmlns=""
			i:type="AxSecurityPolicyConstrainedExpression">
			<Constrained>Yes</Constrained>
			<Name>PurchReqLineHistory</Name>
			<ConstrainedTables />
			<Value>(PurchReqLineHistory.InventLocationId = XSD_SecurityDetails.Name)</Value>
		</AxSecurityPolicyConstrainedEntity>
	</ConstrainedTables>
</AxSecurityPolicy>