<?xml version="1.0" encoding="utf-8"?>
<AxSecurityPolicy xmlns:i="http://www.w3.org/2001/XMLSchema-instance">
	<Name>XSD_SecurityPolicy_BankAccount</Name>
	<ConstrainedTable>Yes</ConstrainedTable>
	<ContextType>RoleName</ContextType>
	<Label>Extensible Data Security Bank Account</Label>
	<PrimaryTable>XSD_SecurityDetails</PrimaryTable>
	<Query>XDS_BankAccountTableQuery</Query>
	<RoleName>XSD_BankAccountRole</RoleName>
	<UseNotExistJoin>Yes</UseNotExistJoin>
	<ConstrainedTables>
		<AxSecurityPolicyConstrainedEntity xmlns=""
			i:type="AxSecurityPolicyConstrainedExpression">
			<Constrained>Yes</Constrained>
			<Name>BankAccountTable</Name>
			<ConstrainedTables />
			<Value>(BankAccountTable.AccountID = XSD_SecurityDetails.Name)</Value>
		</AxSecurityPolicyConstrainedEntity>
		<AxSecurityPolicyConstrainedEntity xmlns=""
			i:type="AxSecurityPolicyConstrainedExpression">
			<Constrained>Yes</Constrained>
			<Name>DimAttributeBankAccountTable</Name>
			<ConstrainedTables />
			<Value>(DimAttributeBankAccountTable.Value = XSD_SecurityDetails.Name)</Value>
		</AxSecurityPolicyConstrainedEntity>
		<AxSecurityPolicyConstrainedEntity xmlns=""
			i:type="AxSecurityPolicyConstrainedExpression">
			<Constrained>Yes</Constrained>
			<Name>BankAccountTableLookup</Name>
			<ConstrainedTables />
			<Value>(BankAccountTableLookup.AccountID = XSD_SecurityDetails.Name)</Value>
		</AxSecurityPolicyConstrainedEntity>
	</ConstrainedTables>
</AxSecurityPolicy>