<?xml version="1.0" encoding="utf-8"?>
<AxSecurityPolicy xmlns:i="http://www.w3.org/2001/XMLSchema-instance">
	<Name>XSD_SecurityPolicy_Budget</Name>
	<ConstrainedTable>Yes</ConstrainedTable>
	<ContextType>RoleName</ContextType>
	<Label>Extensible Data Security Budget</Label>
	<PrimaryTable>XSD_SecurityDetails</PrimaryTable>
	<Query>XDS_BudgetTransQuery</Query>
	<RoleName>XSD_BudgetRole</RoleName>
	<UseNotExistJoin>Yes</UseNotExistJoin>
	<ConstrainedTables>
		<AxSecurityPolicyConstrainedEntity xmlns=""
			i:type="AxSecurityPolicyConstrainedExpression">
			<Constrained>Yes</Constrained>
			<Name>BudgetTransactionHeader</Name>
			<ConstrainedTables />
			<Value>(BudgetTransactionHeader.TransactionNumber = XSD_SecurityDetails.Name)</Value>
		</AxSecurityPolicyConstrainedEntity>
	</ConstrainedTables>
</AxSecurityPolicy>