<?xml version="1.0" encoding="utf-8"?>
<AxSecurityPolicy xmlns:i="http://www.w3.org/2001/XMLSchema-instance">
	<Name>XSD_SecurityPolicy_FinancialDimension</Name>
	<ConstrainedTable>Yes</ConstrainedTable>
	<ContextType>RoleName</ContextType>
	<Label>Extensible Data Security Financial Dimension</Label>
	<PrimaryTable>XSD_SecurityDetails</PrimaryTable>
	<Query>XDS_FinancialDimensionQuery</Query>
	<RoleName>XSD_FinancialDimensionRole</RoleName>
	<UseNotExistJoin>Yes</UseNotExistJoin>
	<ConstrainedTables>
		<AxSecurityPolicyConstrainedEntity xmlns=""
			i:type="AxSecurityPolicyConstrainedExpression">
			<Constrained>Yes</Constrained>
			<Name>DimensionFinancialTag</Name>
			<ConstrainedTables />
			<Value>(DimensionFinancialTag.Value = XSD_SecurityDetails.Name)</Value>
		</AxSecurityPolicyConstrainedEntity>
		<AxSecurityPolicyConstrainedEntity xmlns=""
			i:type="AxSecurityPolicyConstrainedExpression">
			<Constrained>Yes</Constrained>
			<Name>DimAttrTranslFinancialTag</Name>
			<ConstrainedTables />
			<Value>(DimAttrTranslFinancialTag.Value = XSD_SecurityDetails.Name)</Value>
		</AxSecurityPolicyConstrainedEntity>
		<AxSecurityPolicyConstrainedEntity xmlns=""
			i:type="AxSecurityPolicyConstrainedExpression">
			<Constrained>Yes</Constrained>
			<Name>DimAttributeOMBusinessUnit</Name>
			<ConstrainedTables />
			<Value>(DimAttributeOMBusinessUnit.Value = XSD_SecurityDetails.Name)</Value>
		</AxSecurityPolicyConstrainedEntity>
		<AxSecurityPolicyConstrainedEntity xmlns=""
			i:type="AxSecurityPolicyConstrainedExpression">
			<Constrained>Yes</Constrained>
			<Name>DimAttributeOMDepartment</Name>
			<ConstrainedTables />
			<Value>(DimAttributeOMDepartment.Value = XSD_SecurityDetails.Name)</Value>
		</AxSecurityPolicyConstrainedEntity>
		<AxSecurityPolicyConstrainedEntity xmlns=""
			i:type="AxSecurityPolicyConstrainedExpression">
			<Constrained>Yes</Constrained>
			<Name>DimAttributeOMCostCenter</Name>
			<ConstrainedTables />
			<Value>(DimAttributeOMCostCenter.Value = XSD_SecurityDetails.Name)</Value>
		</AxSecurityPolicyConstrainedEntity>
		<AxSecurityPolicyConstrainedEntity xmlns=""
			i:type="AxSecurityPolicyConstrainedExpression">
			<Constrained>Yes</Constrained>
			<Name>DimAttributeBankAccountTable</Name>
			<ConstrainedTables />
			<Value>(DimAttributeBankAccountTable.Value = XSD_SecurityDetails.Name)</Value>
		</AxSecurityPolicyConstrainedEntity>
	</ConstrainedTables>
</AxSecurityPolicy>