{
    "name": "IncrementalDataSet",
    "properties": {
        "linkedServiceName": {
            "referenceName": "VM05SQLLinkedService",
            "type": "LinkedServiceReference"
        },
        "parameters": {
            "Schema": {
                "type": "string"
            },
            "Table": {
                "type": "string"
            }
        },
        "annotations": [],
        "type": "SqlServerTable",
        "schema": [],
        "typeProperties": {
            "schema": {
                "value": "@dataset().Schema",
                "type": "Expression"
            },
            "table": {
                "value": "@dataset().Table",
                "type": "Expression"
            }
        }
    }
}