{
    "name": "SQLScriptDataSet",
    "properties": {
        "linkedServiceName": {
            "referenceName": "DataLakeLinkedService",
            "type": "LinkedServiceReference"
        },
        "parameters": {
            "Container": {
                "type": "string"
            },
            "Folder": {
                "type": "string"
            }
        },
        "annotations": [],
        "type": "DelimitedText",
        "typeProperties": {
            "location": {
                "type": "AzureBlobFSLocation",
                "folderPath": {
                    "value": "@dataset().Folder",
                    "type": "Expression"
                },
                "fileSystem": {
                    "value": "@dataset().Container",
                    "type": "Expression"
                }
            },
            "columnDelimiter": ",",
            "escapeChar": "\\",
            "quoteChar": "\""
        },
        "schema": []
    }
}