<?xml version="1.0" encoding="utf-8"?>
<Diagnostics
  GenerationTime="2024-07-24T08:26:55.6937682+00:00">
  <Items>
    <Diagnostic>
      <DiagnosticType>Metadata</DiagnosticType>
      <Severity>Error</Severity>
      <Path>AxSecurityPolicy/XSD_SecurityPolicy_Item/ConstrainedTables/VendInvoiceLine/Name</Path>
      <Moniker>TableOrViewDoesNotExist</Moniker>
      <Message>Table or view 'VendInvoiceLine' does not exist.</Message>
    </Diagnostic>
    <Diagnostic>
      <DiagnosticType>Metadata</DiagnosticType>
      <Severity>Error</Severity>
      <Path>AxSecurityPolicy/XSD_SecurityPolicy_Item/ConstrainedTables/PurchReqTmp/Name</Path>
      <Moniker>TempTablesNotAllowed</Moniker>
      <Message>Temp tables not allowed.</Message>
    </Diagnostic>
  </Items>
  <Aliases />
</Diagnostics>