<?xml version="1.0" encoding="utf-8"?>
<Diagnostics
  GenerationTime="2024-07-24T11:22:53.894749+00:00">
  <Items>
    <Diagnostic>
      <DiagnosticType>Generation</DiagnosticType>
      <Severity>Informational</Severity>
      <Path>dynamics://View/XSD_UserProfileEntity</Path>
      <ElementType>View</ElementType>
      <Moniker>IsRuntimeServicesMode</Moniker>
      <Line>0</Line>
      <Column>0</Column>
      <Message>Is Runtime Services mode: False</Message>
    </Diagnostic>
    <Diagnostic>
      <DiagnosticType>ExternalReference</DiagnosticType>
      <Severity>Warning</Severity>
      <Path>dynamics://Reference/Microsoft.Dynamics___vices.PricingEngine</Path>
      <Moniker>AssemblyFileNotFound</Moniker>
      <Message>Assembly 'Microsoft.Dynamics.Commerce.Runtime.Entities.AttributeBasedPricing, Version=7.0.0.0, Culture=neutral, PublicKeyToken=31bf3856ad364e35' failed to load because it was not found.</Message>
    </Diagnostic>
    <Diagnostic>
      <DiagnosticType>ExternalReference</DiagnosticType>
      <Severity>Warning</Severity>
      <Path>dynamics://Reference/Azure.Core</Path>
      <Moniker>AssemblyFileNotFound</Moniker>
      <Message>Assembly 'System.Memory.Data, Version=1.0.2.0, Culture=neutral, PublicKeyToken=cc7b13ffcd2ddd51' failed to load because it was not found.</Message>
    </Diagnostic>
  </Items>
  <Aliases />
</Diagnostics>