<?xml version="1.0" encoding="utf-8"?>
<AxDataEntityView xmlns:i="http://www.w3.org/2001/XMLSchema-instance">
	<Name>XSD_UserProfileEntity</Name>
	<SourceCode>
		<Declaration><![CDATA[
public class XSD_UserProfileEntity extends common
{
}
]]></Declaration>
		<Methods />
	</SourceCode>
	<SubscriberAccessLevel>
		<Read>Allow</Read>
	</SubscriberAccessLevel>
	<DataManagementEnabled>Yes</DataManagementEnabled>
	<DataManagementStagingTable>XSD_UserProfileStaging</DataManagementStagingTable>
	<IsPublic>Yes</IsPublic>
	<PrimaryCompanyContext>DataAreaId</PrimaryCompanyContext>
	<PrimaryKey>EntityKey</PrimaryKey>
	<PublicCollectionName>UserProfiles</PublicCollectionName>
	<PublicEntityName>UserProfile</PublicEntityName>
	<DeleteActions />
	<FieldGroups>
		<AxTableFieldGroup>
			<Name>AutoReport</Name>
			<Fields />
		</AxTableFieldGroup>
		<AxTableFieldGroup>
			<Name>AutoLookup</Name>
			<Fields />
		</AxTableFieldGroup>
		<AxTableFieldGroup>
			<Name>AutoIdentification</Name>
			<AutoPopulate>Yes</AutoPopulate>
			<Fields />
		</AxTableFieldGroup>
		<AxTableFieldGroup>
			<Name>AutoSummary</Name>
			<Fields />
		</AxTableFieldGroup>
		<AxTableFieldGroup>
			<Name>AutoBrowse</Name>
			<Fields />
		</AxTableFieldGroup>
	</FieldGroups>
	<Fields>
		<AxDataEntityViewField xmlns=""
			i:type="AxDataEntityViewMappedField">
			<Name>UserId</Name>
			<DataField>UserId</DataField>
			<DataSource>XSD_UserProfile</DataSource>
		</AxDataEntityViewField>
		<AxDataEntityViewField xmlns=""
			i:type="AxDataEntityViewMappedField">
			<Name>XSD_Types</Name>
			<DataField>XSD_Types</DataField>
			<DataSource>XSD_UserProfile</DataSource>
		</AxDataEntityViewField>
		<AxDataEntityViewField xmlns=""
			i:type="AxDataEntityViewMappedField">
			<Name>Disable</Name>
			<DataField>Disable</DataField>
			<DataSource>XSD_UserProfile</DataSource>
		</AxDataEntityViewField>
	</Fields>
	<Keys>
		<AxDataEntityViewKey>
			<Name>EntityKey</Name>
			<Fields>
				<AxDataEntityViewKeyField>
					<DataField>UserId</DataField>
				</AxDataEntityViewKeyField>
				<AxDataEntityViewKeyField>
					<DataField>XSD_Types</DataField>
				</AxDataEntityViewKeyField>
				<AxDataEntityViewKeyField>
					<DataField>Disable</DataField>
				</AxDataEntityViewKeyField>
			</Fields>
		</AxDataEntityViewKey>
	</Keys>
	<Mappings />
	<Ranges />
	<Relations />
	<StateMachines />
	<ViewMetadata>
		<Name>Metadata</Name>
		<SourceCode>
			<Methods>
				<Method>
					<Name>classDeclaration</Name>
					<Source><![CDATA[
[Query]
public class Metadata extends QueryRun
{
}
]]></Source>
				</Method>
			</Methods>
		</SourceCode>
		<DataSources>
			<AxQuerySimpleRootDataSource>
				<Name>XSD_UserProfile</Name>
				<DynamicFields>Yes</DynamicFields>
				<Table>XSD_UserProfile</Table>
				<DataSources />
				<DerivedDataSources />
				<Fields />
				<Ranges />
				<GroupBy />
				<Having />
				<OrderBy />
			</AxQuerySimpleRootDataSource>
		</DataSources>
	</ViewMetadata>
</AxDataEntityView>