<?xml version="1.0" encoding="utf-8"?>
<AxEnum xmlns:i="http://www.w3.org/2001/XMLSchema-instance">
	<Name>XSD_Types</Name>
	<EnumValues>
		<AxEnumValue>
			<Name>MainAccount</Name>
			<Label>Main Account</Label>
		</AxEnumValue>
		<AxEnumValue>
			<Name>FinancialDimension</Name>
			<Label>Financial Dimension</Label>
			<Value>1</Value>
		</AxEnumValue>
		<AxEnumValue>
			<Name>FixedAsset</Name>
			<Label>Fixed Asset</Label>
			<Value>2</Value>
		</AxEnumValue>
		<AxEnumValue>
			<Name>BankAccount</Name>
			<Label>Bank Account</Label>
			<Value>3</Value>
		</AxEnumValue>
		<AxEnumValue>
			<Name>Item</Name>
			<Label>Item</Label>
			<Value>4</Value>
		</AxEnumValue>
		<AxEnumValue>
			<Name>Warehouse</Name>
			<Label>Warehouse</Label>
			<Value>5</Value>
		</AxEnumValue>
		<AxEnumValue>
			<Name>Budget</Name>
			<Label>Budget</Label>
			<Value>6</Value>
		</AxEnumValue>
	</EnumValues>
</AxEnum>