<?xml version="1.0" encoding="utf-8"?>
<AxQuery xmlns:i="http://www.w3.org/2001/XMLSchema-instance" xmlns=""
	i:type="AxQuerySimple">
	<Name>XDS_ItemQuery</Name>
	<SourceCode>
		<Methods>
			<Method>
				<Name>classDeclaration</Name>
				<Source><![CDATA[
[Query]
public class XDS_ItemQuery extends QueryRun
{
}

]]></Source>
			</Method>
		</Methods>
	</SourceCode>
	<DataSources>
		<AxQuerySimpleRootDataSource>
			<Name>XSD_SecurityDetails</Name>
			<Table>XSD_SecurityDetails</Table>
			<DataSources>
				<AxQuerySimpleEmbeddedDataSource>
					<Name>XSD_UserProfile</Name>
					<Table>XSD_UserProfile</Table>
					<DataSources />
					<DerivedDataSources />
					<Fields>
						<AxQuerySimpleDataSourceField>
							<Name>RecId</Name>
							<Field>RecId</Field>
						</AxQuerySimpleDataSourceField>
					</Fields>
					<Ranges>
						<AxQuerySimpleDataSourceRange>
							<Name>UserId</Name>
							<Field>UserId</Field>
							<Value>(currentUserId())</Value>
						</AxQuerySimpleDataSourceRange>
						<AxQuerySimpleDataSourceRange>
							<Name>XSD_Types</Name>
							<Field>XSD_Types</Field>
							<Status>Locked</Status>
							<Value>4</Value>
						</AxQuerySimpleDataSourceRange>
						<AxQuerySimpleDataSourceRange>
							<Name>Disable</Name>
							<Field>Disable</Field>
							<Status>Locked</Status>
							<Value>0</Value>
						</AxQuerySimpleDataSourceRange>
					</Ranges>
					<Relations>
						<AxQuerySimpleDataSourceRelation>
							<Name>QueryDataSourceRelation1</Name>
							<Field>XsdProfileRef</Field>
							<JoinDataSource>XSD_SecurityDetails</JoinDataSource>
							<RelatedField>RecId</RelatedField>
						</AxQuerySimpleDataSourceRelation>
					</Relations>
				</AxQuerySimpleEmbeddedDataSource>
			</DataSources>
			<DerivedDataSources />
			<Fields>
				<AxQuerySimpleDataSourceField>
					<Name>Name</Name>
					<Field>Name</Field>
				</AxQuerySimpleDataSourceField>
			</Fields>
			<Ranges>
				<AxQuerySimpleDataSourceRange>
					<Name>Disable</Name>
					<Field>Disable</Field>
					<Status>Locked</Status>
					<Value>0</Value>
				</AxQuerySimpleDataSourceRange>
			</Ranges>
			<GroupBy />
			<Having />
			<OrderBy />
		</AxQuerySimpleRootDataSource>
	</DataSources>
</AxQuery>