<?xml version="1.0" encoding="utf-8"?>
<AxSecurityPrivilege xmlns:i="http://www.w3.org/2001/XMLSchema-instance">
	<Name>XSD_SecurityDetailsEntityMaintain</Name>
	<DataEntityPermissions>
		<AxSecurityDataEntityPermission>
			<Grant>
				<Correct>Allow</Correct>
				<Create>Allow</Create>
				<Delete>Allow</Delete>
				<Read>Allow</Read>
				<Update>Allow</Update>
			</Grant>
			<Name>XSD_SecurityDetailsEntity</Name>
			<Fields />
			<Methods />
		</AxSecurityDataEntityPermission>
	</DataEntityPermissions>
	<DirectAccessPermissions />
	<EntryPoints />
	<FormControlOverrides />
</AxSecurityPrivilege>