<?xml version="1.0" encoding="utf-8"?>
<AxSecurityPrivilege xmlns:i="http://www.w3.org/2001/XMLSchema-instance">
	<Name>XSD_SecurityPrivleges</Name>
	<Label>Extensible Data Security Configuration Privleges</Label>
	<DataEntityPermissions />
	<DirectAccessPermissions />
	<EntryPoints>
		<AxSecurityEntryPointReference>
			<Name>XSD_mUserProfile</Name>
			<ObjectName>XSD_mUserProfile</ObjectName>
			<ObjectType>MenuItemDisplay</ObjectType>
			<Forms>
				<AxSecurityEntryPointReferenceForm>
					<Name>XSD_fUserProfile</Name>
					<Controls />
					<DataSources />
				</AxSecurityEntryPointReferenceForm>
			</Forms>
		</AxSecurityEntryPointReference>
		<AxSecurityEntryPointReference>
			<Name>XSD_mSecurityDetails</Name>
			<ObjectName>XSD_mSecurityDetails</ObjectName>
			<ObjectType>MenuItemDisplay</ObjectType>
			<Forms>
				<AxSecurityEntryPointReferenceForm>
					<Name>XSD_fSecurityDetails</Name>
					<Controls />
					<DataSources />
				</AxSecurityEntryPointReferenceForm>
			</Forms>
		</AxSecurityEntryPointReference>
	</EntryPoints>
	<FormControlOverrides />
</AxSecurityPrivilege>