<?xml version="1.0" encoding="utf-8"?>
<AxMenuExtension xmlns:i="http://www.w3.org/2001/XMLSchema-instance" xmlns="Microsoft.Dynamics.AX.Metadata.V1">
	<Name>SystemAdministration.XSD</Name>
	<Customizations />
	<Elements>
		<AxMenuExtensionElement xmlns="">
			<Parent>Setup</Parent>
			<MenuElement xmlns=""
				i:type="AxMenuElementSubMenu">
				<Name>XSD_ExtensibleDataSecurity</Name>
				<Label>Extensible Data Security</Label>
				<Elements>
					<AxMenuElement xmlns=""
						i:type="AxMenuElementMenuItem">
						<Name>XSD_mUserProfile</Name>
						<MenuItemName>XSD_mUserProfile</MenuItemName>
					</AxMenuElement>
				</Elements>
			</MenuElement>
		</AxMenuExtensionElement>
	</Elements>
	<MenuElementModifications />
	<PropertyModifications />
</AxMenuExtension>