<?xml version="1.0" encoding="utf-8"?>
<AxForm xmlns:i="http://www.w3.org/2001/XMLSchema-instance" xmlns="Microsoft.Dynamics.AX.Metadata.V6">
	<Name>XSD_fUserProfile</Name>
	<SourceCode>
		<Methods xmlns="">
			<Method>
				<Name>classDeclaration</Name>
				<Source><![CDATA[
[Form]
public class XSD_fUserProfile extends FormRun
{
}
]]></Source>
			</Method>
		</Methods>
		<DataSources xmlns="" />
		<DataControls xmlns="" />
		<Members xmlns="" />
	</SourceCode>
	<DataSources>
		<AxFormDataSource xmlns="">
			<Name>XSD_UserProfile</Name>
			<Table>XSD_UserProfile</Table>
			<Fields>
				<AxFormDataSourceField>
					<DataField>DataAreaId</DataField>
				</AxFormDataSourceField>
				<AxFormDataSourceField>
					<DataField>Disable</DataField>
				</AxFormDataSourceField>
				<AxFormDataSourceField>
					<DataField>Partition</DataField>
				</AxFormDataSourceField>
				<AxFormDataSourceField>
					<DataField>RecId</DataField>
				</AxFormDataSourceField>
				<AxFormDataSourceField>
					<DataField>TableId</DataField>
				</AxFormDataSourceField>
				<AxFormDataSourceField>
					<DataField>UserId</DataField>
				</AxFormDataSourceField>
				<AxFormDataSourceField>
					<DataField>XSD_Types</DataField>
				</AxFormDataSourceField>
			</Fields>
			<ReferencedDataSources />
			<DataSourceLinks />
			<DerivedDataSources />
		</AxFormDataSource>
	</DataSources>
	<Design>
		<DataSource xmlns="">XSD_UserProfile</DataSource>
		<Pattern xmlns="">SimpleList</Pattern>
		<PatternVersion xmlns="">1.1</PatternVersion>
		<Style xmlns="">SimpleList</Style>
		<Controls xmlns="">
			<AxFormControl xmlns=""
				i:type="AxFormActionPaneControl">
				<Name>XSDFormActionPane</Name>
				<Type>ActionPane</Type>
				<FormControlExtension
					i:nil="true" />
				<Controls>
					<AxFormControl xmlns=""
						i:type="AxFormButtonGroupControl">
						<Name>MenuButtonGroup</Name>
						<Type>ButtonGroup</Type>
						<FormControlExtension
							i:nil="true" />
						<Controls>
							<AxFormControl xmlns=""
								i:type="AxFormMenuFunctionButtonControl">
								<Name>XSD_mSecurityDetails</Name>
								<Type>MenuFunctionButton</Type>
								<FormControlExtension
									i:nil="true" />
								<MenuItemName>XSD_mSecurityDetails</MenuItemName>
							</AxFormControl>
						</Controls>
					</AxFormControl>
				</Controls>
			</AxFormControl>
			<AxFormControl xmlns=""
				i:type="AxFormGroupControl">
				<Name>QCFormGroup</Name>
				<Pattern>CustomAndQuickFilters</Pattern>
				<PatternVersion>1.1</PatternVersion>
				<Type>Group</Type>
				<WidthMode>SizeToAvailable</WidthMode>
				<FormControlExtension
					i:nil="true" />
				<Controls>
					<AxFormControl>
						<Name>QuickFilterDataGrid</Name>
						<FormControlExtension>
							<Name>QuickFilterControl</Name>
							<ExtensionComponents />
							<ExtensionProperties>
								<AxFormControlExtensionProperty>
									<Name>targetControlName</Name>
									<Type>String</Type>
									<Value>DataGrid</Value>
								</AxFormControlExtensionProperty>
								<AxFormControlExtensionProperty>
									<Name>placeholderText</Name>
									<Type>String</Type>
								</AxFormControlExtensionProperty>
								<AxFormControlExtensionProperty>
									<Name>defaultColumnName</Name>
									<Type>String</Type>
									<Value>DataGrid_UserId</Value>
								</AxFormControlExtensionProperty>
							</ExtensionProperties>
						</FormControlExtension>
					</AxFormControl>
				</Controls>
				<ArrangeMethod>HorizontalLeft</ArrangeMethod>
				<DataSource>XSD_UserProfile</DataSource>
				<FrameType>None</FrameType>
				<Style>CustomFilter</Style>
				<ViewEditMode>Edit</ViewEditMode>
			</AxFormControl>
			<AxFormControl xmlns=""
				i:type="AxFormGridControl">
				<Name>DataGrid</Name>
				<Type>Grid</Type>
				<FormControlExtension
					i:nil="true" />
				<Controls>
					<AxFormControl xmlns=""
						i:type="AxFormStringControl">
						<Name>DataGrid_UserId</Name>
						<Type>String</Type>
						<FormControlExtension
							i:nil="true" />
						<DataField>UserId</DataField>
						<DataSource>XSD_UserProfile</DataSource>
					</AxFormControl>
					<AxFormControl xmlns=""
						i:type="AxFormComboBoxControl">
						<Name>DataGrid_XSD_Types</Name>
						<Type>ComboBox</Type>
						<FormControlExtension
							i:nil="true" />
						<DataField>XSD_Types</DataField>
						<DataSource>XSD_UserProfile</DataSource>
						<Items />
					</AxFormControl>
					<AxFormControl xmlns=""
						i:type="AxFormCheckBoxControl">
						<Name>DataGrid_Disable</Name>
						<Type>CheckBox</Type>
						<FormControlExtension
							i:nil="true" />
						<DataField>Disable</DataField>
						<DataSource>XSD_UserProfile</DataSource>
					</AxFormControl>
				</Controls>
				<DataGroup>AutoReport</DataGroup>
				<DataSource>XSD_UserProfile</DataSource>
				<Style>Tabular</Style>
			</AxFormControl>
		</Controls>
	</Design>
	<Parts />
</AxForm>