<?xml version="1.0" encoding="utf-8"?>
<AxTable xmlns:i="http://www.w3.org/2001/XMLSchema-instance">
	<Name>XSD_UserProfile</Name>
	<SourceCode>
		<Declaration><![CDATA[
public class XSD_UserProfile extends common
{
}

]]></Declaration>
		<Methods />
	</SourceCode>
	<SubscriberAccessLevel>
		<Read>Allow</Read>
	</SubscriberAccessLevel>
	<AllowRowVersionChangeTracking>Yes</AllowRowVersionChangeTracking>
	<DeleteActions />
	<FieldGroups>
		<AxTableFieldGroup>
			<Name>AutoReport</Name>
			<Fields>
				<AxTableFieldGroupField>
					<DataField>UserId</DataField>
				</AxTableFieldGroupField>
				<AxTableFieldGroupField>
					<DataField>XSD_Types</DataField>
				</AxTableFieldGroupField>
				<AxTableFieldGroupField>
					<DataField>Disable</DataField>
				</AxTableFieldGroupField>
			</Fields>
		</AxTableFieldGroup>
		<AxTableFieldGroup>
			<Name>AutoLookup</Name>
			<Fields />
		</AxTableFieldGroup>
		<AxTableFieldGroup>
			<Name>AutoIdentification</Name>
			<AutoPopulate>Yes</AutoPopulate>
			<Fields />
		</AxTableFieldGroup>
		<AxTableFieldGroup>
			<Name>AutoSummary</Name>
			<Fields />
		</AxTableFieldGroup>
		<AxTableFieldGroup>
			<Name>AutoBrowse</Name>
			<Fields />
		</AxTableFieldGroup>
	</FieldGroups>
	<Fields>
		<AxTableField xmlns=""
			i:type="AxTableFieldString">
			<Name>UserId</Name>
			<ExtendedDataType>UserId</ExtendedDataType>
			<IgnoreEDTRelation>Yes</IgnoreEDTRelation>
		</AxTableField>
		<AxTableField xmlns=""
			i:type="AxTableFieldEnum">
			<Name>XSD_Types</Name>
			<Label>Security Type</Label>
			<EnumType>XSD_Types</EnumType>
		</AxTableField>
		<AxTableField xmlns=""
			i:type="AxTableFieldEnum">
			<Name>Disable</Name>
			<Label>Disable</Label>
			<EnumType>NoYes</EnumType>
		</AxTableField>
	</Fields>
	<FullTextIndexes />
	<Indexes>
		<AxTableIndex>
			<Name>DetailIDX</Name>
			<AlternateKey>Yes</AlternateKey>
			<Fields>
				<AxTableIndexField>
					<DataField>UserId</DataField>
				</AxTableIndexField>
				<AxTableIndexField>
					<DataField>XSD_Types</DataField>
				</AxTableIndexField>
				<AxTableIndexField>
					<DataField>Disable</DataField>
				</AxTableIndexField>
			</Fields>
		</AxTableIndex>
	</Indexes>
	<Mappings />
	<Relations>
		<AxTableRelation>
			<Name>UserInfo</Name>
			<RelatedTable>UserInfo</RelatedTable>
			<Constraints>
				<AxTableRelationConstraint xmlns=""
					i:type="AxTableRelationConstraintField">
					<Name>UserId</Name>
					<Field>UserId</Field>
					<RelatedField>id</RelatedField>
				</AxTableRelationConstraint>
			</Constraints>
		</AxTableRelation>
	</Relations>
	<StateMachines />
</AxTable>